<Siri version="2.0" xmlns="http://www.siri.org.uk/siri" xmlns:xsi="http://www.w3.org/2001/XMLSchema-instance" xsi:schemaLocation="http://www.siri.org.uk/siri http://www.siri.org.uk/schema/2.0/xsd/siri.xsd"><ServiceDelivery><ResponseTimestamp>2025-09-16T13:19:49.046+00:00</ResponseTimestamp><ProducerRef>DepartmentForTransport</ProducerRef><VehicleMonitoringDelivery><ResponseTimestamp>2025-09-16T13:19:49.046+00:00</ResponseTimestamp><RequestMessageRef>506ca2db-b31d-435f-abbf-46f7a3a75c7a</RequestMessageRef><ValidUntil>2025-09-16T13:24:49.046+00:00</ValidUntil><ShortestPossibleCycle>PT5S</ShortestPossibleCycle><VehicleActivity><RecordedAtTime>2025-09-16T13:19:19+00:00</RecordedAtTime><ItemIdentifier>c873c20f-1b11-4d34-b3b0-c4f4a2f75688</ItemIdentifier><ValidUntilTime>2025-09-16T13:24:49.046+00:00</ValidUntilTime><MonitoredVehicleJourney><LineRef>4</LineRef><DirectionRef>inbound</DirectionRef><FramedVehicleJourneyRef><DataFrameRef>2025-09-16</DataFrameRef><DatedVehicleJourneyRef>1112</DatedVehicleJourneyRef></FramedVehicleJourneyRef><PublishedLineName>4</PublishedLineName><OperatorRef>HNTS</OperatorRef><OriginRef>227000010121</OriginRef><OriginName>Brigg__Cary_Lane</OriginName><DestinationRef>227000011000</DestinationRef><DestinationName>Scunthorpe__Bus_Station</DestinationName><OriginAimedDepartureTime>2025-09-16T12:40:00+00:00</OriginAimedDepartureTime><DestinationAimedArrivalTime>2025-09-16T13:24:00+00:00</DestinationAimedArrivalTime><VehicleLocation><Longitude>-0.654991</Longitude><Latitude>53.578811</Latitude></VehicleLocation><Bearing>323</Bearing><BlockRef>42507</BlockRef><VehicleRef>NH07_BUS</VehicleRef></MonitoredVehicleJourney><Extensions><VehicleJourney><Operational><TicketMachine><TicketMachineServiceCode>4</TicketMachineServiceCode><JourneyCode>1340</JourneyCode></TicketMachine></Operational><VehicleUniqueId>NH07BUS</VehicleUniqueId></VehicleJourney></Extensions></VehicleActivity><VehicleActivity><RecordedAtTime>2025-09-16T12:14:33+00:00</RecordedAtTime><ItemIdentifier>41f0c7fa-8f3a-4680-950c-523cf420d13b</ItemIdentifier><ValidUntilTime>2025-09-16T13:24:49.046+00:00</ValidUntilTime><MonitoredVehicleJourney><LineRef>12</LineRef><DirectionRef>inbound</DirectionRef><FramedVehicleJourneyRef><DataFrameRef>2025-09-16</DataFrameRef><DatedVehicleJourneyRef>3106</DatedVehicleJourneyRef></FramedVehicleJourneyRef><PublishedLineName>12</PublishedLineName><OperatorRef>HNTS</OperatorRef><OriginRef>227000010142</OriginRef><OriginName>Ashfield_Mobile_Homes</OriginName><DestinationRef>227000011000</DestinationRef><DestinationName>Scunthorpe__Bus_Station</DestinationName><OriginAimedDepartureTime>2025-09-16T11:50:00+00:00</OriginAimedDepartureTime><DestinationAimedArrivalTime>2025-09-16T12:14:00+00:00</DestinationAimedArrivalTime><VehicleLocation><Longitude>-0.644713</Longitude><Latitude>53.590783</Latitude></VehicleLocation><Bearing>77</Bearing><BlockRef>42501</BlockRef><VehicleRef>NH09_BUS</VehicleRef></MonitoredVehicleJourney><Extensions><VehicleJourney><Operational><TicketMachine><TicketMachineServiceCode>12</TicketMachineServiceCode><JourneyCode>1250</JourneyCode></TicketMachine></Operational><VehicleUniqueId>NH09 BUS</VehicleUniqueId></VehicleJourney></Extensions></VehicleActivity><VehicleActivity><RecordedAtTime>2025-09-16T13:19:22+00:00</RecordedAtTime><ItemIdentifier>217543ae-8345-4217-a518-17ff1e217537</ItemIdentifier><ValidUntilTime>2025-09-16T13:24:49.046+00:00</ValidUntilTime><MonitoredVehicleJourney><LineRef>12</LineRef><DirectionRef>outbound</DirectionRef><FramedVehicleJourneyRef><DataFrameRef>2025-09-16</DataFrameRef><DatedVehicleJourneyRef>3008</DatedVehicleJourneyRef></FramedVehicleJourneyRef><PublishedLineName>12</PublishedLineName><OperatorRef>HNTS</OperatorRef><OriginRef>227000010731</OriginRef><OriginName>Scunthorpe__Bus_Station__D_</OriginName><DestinationRef>227000010142</DestinationRef><DestinationName>Ashfield_Mobile_Homes</DestinationName><OriginAimedDepartureTime>2025-09-16T13:20:00+00:00</OriginAimedDepartureTime><DestinationAimedArrivalTime>2025-09-16T13:44:00+00:00</DestinationAimedArrivalTime><VehicleLocation><Longitude>-0.645133</Longitude><Latitude>53.589866</Latitude></VehicleLocation><Bearing>257</Bearing><BlockRef>42514</BlockRef><VehicleRef>NH13_BUS</VehicleRef></MonitoredVehicleJourney><Extensions><VehicleJourney><Operational><TicketMachine><TicketMachineServiceCode>12</TicketMachineServiceCode><JourneyCode>1420</JourneyCode></TicketMachine></Operational><VehicleUniqueId>NH13BUS</VehicleUniqueId></VehicleJourney></Extensions></VehicleActivity><VehicleActivity><RecordedAtTime>2025-09-16T13:19:12+00:00</RecordedAtTime><ItemIdentifier>951f46f6-390b-4382-aaa8-11b99aa2160f</ItemIdentifier><ValidUntilTime>2025-09-16T13:24:49.046+00:00</ValidUntilTime><MonitoredVehicleJourney><LineRef>6</LineRef><DirectionRef>inbound</DirectionRef><FramedVehicleJourneyRef><DataFrameRef>2025-09-16</DataFrameRef><DatedVehicleJourneyRef>2115</DatedVehicleJourneyRef></FramedVehicleJourneyRef><PublishedLineName>6</PublishedLineName><OperatorRef>HNTS</OperatorRef><OriginRef>227000010358</OriginRef><OriginName>Ashby__Hornsbys_Depot</OriginName><DestinationRef>227000011000</DestinationRef><DestinationName>Scunthorpe__Bus_Station</DestinationName><OriginAimedDepartureTime>2025-09-16T13:17:00+00:00</OriginAimedDepartureTime><DestinationAimedArrivalTime>2025-09-16T13:42:00+00:00</DestinationAimedArrivalTime><VehicleLocation><Longitude>-0.63388</Longitude><Latitude>53.56663</Latitude></VehicleLocation><Bearing>91</Bearing><BlockRef>42504</BlockRef><VehicleRef>NH14_BUS</VehicleRef></MonitoredVehicleJourney><Extensions><VehicleJourney><Operational><TicketMachine><TicketMachineServiceCode>6</TicketMachineServiceCode><JourneyCode>1417</JourneyCode></TicketMachine></Operational><VehicleUniqueId>NH14BUS</VehicleUniqueId></VehicleJourney></Extensions></VehicleActivity><VehicleActivity><RecordedAtTime>2025-09-16T13:19:17+00:00</RecordedAtTime><ItemIdentifier>08db698f-9c5c-40c9-8469-c5f1ce59252a</ItemIdentifier><ValidUntilTime>2025-09-16T13:24:49.046+00:00</ValidUntilTime><MonitoredVehicleJourney><LineRef>399</LineRef><DirectionRef>outbound</DirectionRef><FramedVehicleJourneyRef><DataFrameRef>2025-09-16</DataFrameRef><DatedVehicleJourneyRef>6009</DatedVehicleJourneyRef></FramedVehicleJourneyRef><PublishedLineName>399</PublishedLineName><OperatorRef>HNTS</OperatorRef><OriginRef>227000010731</OriginRef><OriginName>Scunthorpe__Bus_Station__D_</OriginName><DestinationRef>227000010994</DestinationRef><DestinationName>Westwoodside_for_Doncaster</DestinationName><OriginAimedDepartureTime>2025-09-16T14:00:00+00:00</OriginAimedDepartureTime><DestinationAimedArrivalTime>2025-09-16T15:06:00+00:00</DestinationAimedArrivalTime><VehicleLocation><Longitude>-0.64382</Longitude><Latitude>53.591051</Latitude></VehicleLocation><Bearing>81</Bearing><BlockRef>42510</BlockRef><VehicleRef>NH15_BUS</VehicleRef></MonitoredVehicleJourney><Extensions><VehicleJourney><Operational><TicketMachine><TicketMachineServiceCode>399W</TicketMachineServiceCode><JourneyCode>1500</JourneyCode></TicketMachine></Operational><VehicleUniqueId>NH15BUS</VehicleUniqueId></VehicleJourney></Extensions></VehicleActivity><VehicleActivity><RecordedAtTime>2025-09-16T12:29:40+00:00</RecordedAtTime><ItemIdentifier>4eae4805-dd50-4568-b942-28b7aafe326a</ItemIdentifier><ValidUntilTime>2025-09-16T13:24:49.046+00:00</ValidUntilTime><MonitoredVehicleJourney><LineRef>4</LineRef><DirectionRef>inbound</DirectionRef><FramedVehicleJourneyRef><DataFrameRef>2025-09-16</DataFrameRef><DatedVehicleJourneyRef>1110</DatedVehicleJourneyRef></FramedVehicleJourneyRef><PublishedLineName>4</PublishedLineName><OperatorRef>HNTS</OperatorRef><OriginRef>227000010121</OriginRef><OriginName>Brigg__Cary_Lane</OriginName><DestinationRef>227000011000</DestinationRef><DestinationName>Scunthorpe__Bus_Station</DestinationName><OriginAimedDepartureTime>2025-09-16T11:40:00+00:00</OriginAimedDepartureTime><DestinationAimedArrivalTime>2025-09-16T12:24:00+00:00</DestinationAimedArrivalTime><VehicleLocation><Longitude>-0.644576</Longitude><Latitude>53.590591</Latitude></VehicleLocation><BlockRef>42505</BlockRef><VehicleRef>NH18_BUS</VehicleRef></MonitoredVehicleJourney><Extensions><VehicleJourney><Operational><TicketMachine><TicketMachineServiceCode>4</TicketMachineServiceCode><JourneyCode>1240</JourneyCode></TicketMachine></Operational><VehicleUniqueId>NH18BUS</VehicleUniqueId></VehicleJourney></Extensions></VehicleActivity><VehicleActivity><RecordedAtTime>2025-09-16T12:59:30+00:00</RecordedAtTime><ItemIdentifier>5f5e4d2f-c1af-4e7a-a64f-c01a52cf2f2c</ItemIdentifier><ValidUntilTime>2025-09-16T13:24:49.046+00:00</ValidUntilTime><MonitoredVehicleJourney><LineRef>FTS</LineRef><DirectionRef>inbound</DirectionRef><FramedVehicleJourneyRef><DataFrameRef>2025-09-16</DataFrameRef><DatedVehicleJourneyRef>1332</DatedVehicleJourneyRef></FramedVehicleJourneyRef><PublishedLineName>FTS</PublishedLineName><OperatorRef>HNTS</OperatorRef><OriginRef>227000010358</OriginRef><OriginName>Ashby__Hornsbys_Depot</OriginName><DestinationRef>227000010817</DestinationRef><DestinationName>Two_Sisters</DestinationName><VehicleLocation><Longitude>-0.664866</Longitude><Latitude>53.608528</Latitude></VehicleLocation><BlockRef>42515</BlockRef><VehicleRef>SN09_CFD</VehicleRef></MonitoredVehicleJourney><Extensions><VehicleJourney><Operational><TicketMachine><TicketMachineServiceCode>FTS</TicketMachineServiceCode><JourneyCode>1332</JourneyCode></TicketMachine></Operational><VehicleUniqueId>SN09CFD</VehicleUniqueId></VehicleJourney></Extensions></VehicleActivity><VehicleActivity><RecordedAtTime>2025-09-15T16:53:07+00:00</RecordedAtTime><ItemIdentifier>SCBODS:VEHICLESTATUSRT:3246:149039</ItemIdentifier><ValidUntilTime>2025-09-16T13:24:49.046+00:00</ValidUntilTime><MonitoredVehicleJourney><LineRef>6</LineRef><DirectionRef>inbound</DirectionRef><FramedVehicleJourneyRef><DataFrameRef>2025-09-15</DataFrameRef><DatedVehicleJourneyRef>6042</DatedVehicleJourneyRef></FramedVehicleJourneyRef><PublishedLineName>6</PublishedLineName><OperatorRef>SCEM</OperatorRef><OriginRef>227000010360</OriginRef><OriginName>Sunshine Hall</OriginName><DestinationRef>227000011000</DestinationRef><DestinationName>Bus Station</DestinationName><OriginAimedDepartureTime>2025-09-15T16:32:00+00:00</OriginAimedDepartureTime><Monitored>true</Monitored><VehicleLocation><Longitude>-0.644451</Longitude><Latitude>53.59066</Latitude></VehicleLocation><Bearing>72</Bearing><VehicleRef>SCEM-19189</VehicleRef></MonitoredVehicleJourney><Extensions><VehicleJourney><DriverRef>73447</DriverRef></VehicleJourney></Extensions></VehicleActivity><VehicleActivity><RecordedAtTime>2025-09-16T12:34:17+00:00</RecordedAtTime><ItemIdentifier>SCBODS:VEHICLESTATUSRT:3256:148265</ItemIdentifier><ValidUntilTime>2025-09-16T13:24:49.046+00:00</ValidUntilTime><MonitoredVehicleJourney><LineRef>10</LineRef><DirectionRef>inbound</DirectionRef><FramedVehicleJourneyRef><DataFrameRef>2025-09-16</DataFrameRef><DatedVehicleJourneyRef>6004</DatedVehicleJourneyRef></FramedVehicleJourneyRef><PublishedLineName>10</PublishedLineName><OperatorRef>SCEM</OperatorRef><OriginRef>227000010147</OriginRef><OriginName>Stone Lane</OriginName><DestinationRef>227000011000</DestinationRef><DestinationName>Bus Station</DestinationName><OriginAimedDepartureTime>2025-09-16T11:50:00+00:00</OriginAimedDepartureTime><Monitored>true</Monitored><VehicleLocation><Longitude>-0.644058</Longitude><Latitude>53.590885</Latitude></VehicleLocation><Bearing>72</Bearing><VehicleRef>SCEM-19204</VehicleRef></MonitoredVehicleJourney><Extensions><VehicleJourney><DriverRef>8512919</DriverRef></VehicleJourney></Extensions></VehicleActivity><VehicleActivity><RecordedAtTime>2025-09-16T12:56:05+00:00</RecordedAtTime><ItemIdentifier>SCBODS:VEHICLESTATUSRT:3271:148199</ItemIdentifier><ValidUntilTime>2025-09-16T13:24:49.046+00:00</ValidUntilTime><MonitoredVehicleJourney><LineRef>90</LineRef><DirectionRef>inbound</DirectionRef><FramedVehicleJourneyRef><DataFrameRef>2025-09-16</DataFrameRef><DatedVehicleJourneyRef>6008</DatedVehicleJourneyRef></FramedVehicleJourneyRef><PublishedLineName>90</PublishedLineName><OperatorRef>SCEM</OperatorRef><OriginRef>227000010199</OriginRef><OriginName>War Memorial</OriginName><DestinationRef>227000011000</DestinationRef><DestinationName>Bus Station</DestinationName><OriginAimedDepartureTime>2025-09-16T12:14:00+00:00</OriginAimedDepartureTime><Monitored>true</Monitored><VehicleLocation><Longitude>-0.64393</Longitude><Latitude>53.590931</Latitude></VehicleLocation><Bearing>78</Bearing><VehicleRef>SCEM-19237</VehicleRef></MonitoredVehicleJourney><Extensions><VehicleJourney><DriverRef>8503771</DriverRef></VehicleJourney></Extensions></VehicleActivity><VehicleActivity><RecordedAtTime>2025-09-16T13:19:23+00:00</RecordedAtTime><ItemIdentifier>SCBODS:VEHICLESTATUSRT:3333:148473</ItemIdentifier><ValidUntilTime>2025-09-16T13:24:49.046+00:00</ValidUntilTime><MonitoredVehicleJourney><LineRef>2</LineRef><DirectionRef>inbound</DirectionRef><FramedVehicleJourneyRef><DataFrameRef>2025-09-16</DataFrameRef><DatedVehicleJourneyRef>6030</DatedVehicleJourneyRef></FramedVehicleJourneyRef><PublishedLineName>2</PublishedLineName><OperatorRef>SCEM</OperatorRef><OriginRef>227000010730</OriginRef><OriginName>Bus Station</OriginName><DestinationRef>227000011000</DestinationRef><DestinationName>Bus Station</DestinationName><OriginAimedDepartureTime>2025-09-16T12:45:00+00:00</OriginAimedDepartureTime><Monitored>true</Monitored><VehicleLocation><Longitude>-0.667068</Longitude><Latitude>53.563808</Latitude></VehicleLocation><Bearing>276</Bearing><VehicleRef>SCEM-19523</VehicleRef></MonitoredVehicleJourney><Extensions><VehicleJourney><DriverRef>8521837</DriverRef></VehicleJourney></Extensions></VehicleActivity><VehicleActivity><RecordedAtTime>2025-09-16T13:19:42+00:00</RecordedAtTime><ItemIdentifier>SCBODS:VEHICLESTATUSRT:3345:149209</ItemIdentifier><ValidUntilTime>2025-09-16T13:24:49.046+00:00</ValidUntilTime><MonitoredVehicleJourney><LineRef>8</LineRef><DirectionRef>outbound</DirectionRef><FramedVehicleJourneyRef><DataFrameRef>2025-09-16</DataFrameRef><DatedVehicleJourneyRef>6015</DatedVehicleJourneyRef></FramedVehicleJourneyRef><PublishedLineName>8</PublishedLineName><OperatorRef>SCEM</OperatorRef><OriginRef>227000010734</OriginRef><OriginName>Bus Station</OriginName><DestinationRef>227000011079</DestinationRef><DestinationName>Skippingdale Retail</DestinationName><OriginAimedDepartureTime>2025-09-16T13:20:00+00:00</OriginAimedDepartureTime><Monitored>true</Monitored><VehicleLocation><Longitude>-0.643603</Longitude><Latitude>53.590916</Latitude></VehicleLocation><Bearing>0</Bearing><VehicleRef>SCEM-19542</VehicleRef></MonitoredVehicleJourney><Extensions><VehicleJourney><DriverRef>83150</DriverRef></VehicleJourney></Extensions></VehicleActivity><VehicleActivity><RecordedAtTime>2025-09-16T13:19:42+00:00</RecordedAtTime><ItemIdentifier>SCBODS:VEHICLESTATUSRT:3348:149004</ItemIdentifier><ValidUntilTime>2025-09-16T13:24:49.046+00:00</ValidUntilTime><MonitoredVehicleJourney><LineRef>6</LineRef><DirectionRef>outbound</DirectionRef><FramedVehicleJourneyRef><DataFrameRef>2025-09-16</DataFrameRef><DatedVehicleJourneyRef>6029</DatedVehicleJourneyRef></FramedVehicleJourneyRef><PublishedLineName>6</PublishedLineName><OperatorRef>SCEM</OperatorRef><OriginRef>227000010729</OriginRef><OriginName>Bus Station</OriginName><DestinationRef>227000010360</DestinationRef><DestinationName>Sunshine Hall</DestinationName><OriginAimedDepartureTime>2025-09-16T13:15:00+00:00</OriginAimedDepartureTime><Monitored>true</Monitored><VehicleLocation><Longitude>-0.653098</Longitude><Latitude>53.591061</Latitude></VehicleLocation><Bearing>258</Bearing><VehicleRef>SCEM-19564</VehicleRef></MonitoredVehicleJourney><Extensions><VehicleJourney><DriverRef>8521215</DriverRef></VehicleJourney></Extensions></VehicleActivity><VehicleActivity><RecordedAtTime>2025-09-16T13:19:41+00:00</RecordedAtTime><ItemIdentifier>SCBODS:VEHICLESTATUSRT:3356:148471</ItemIdentifier><ValidUntilTime>2025-09-16T13:24:49.046+00:00</ValidUntilTime><MonitoredVehicleJourney><LineRef>2</LineRef><DirectionRef>inbound</DirectionRef><FramedVehicleJourneyRef><DataFrameRef>2025-09-16</DataFrameRef><DatedVehicleJourneyRef>6028</DatedVehicleJourneyRef></FramedVehicleJourneyRef><PublishedLineName>2</PublishedLineName><OperatorRef>SCEM</OperatorRef><OriginRef>227000010730</OriginRef><OriginName>Bus Station</OriginName><DestinationRef>227000011000</DestinationRef><DestinationName>Bus Station</DestinationName><OriginAimedDepartureTime>2025-09-16T12:15:00+00:00</OriginAimedDepartureTime><Monitored>true</Monitored><VehicleLocation><Longitude>-0.654117</Longitude><Latitude>53.589947</Latitude></VehicleLocation><Bearing>78</Bearing><VehicleRef>SCEM-19578</VehicleRef></MonitoredVehicleJourney><Extensions><VehicleJourney><DriverRef>1236</DriverRef></VehicleJourney></Extensions></VehicleActivity><VehicleActivity><RecordedAtTime>2025-09-16T13:19:25+00:00</RecordedAtTime><ItemIdentifier>SCBODS:VEHICLESTATUSRT:3357:149002</ItemIdentifier><ValidUntilTime>2025-09-16T13:24:49.046+00:00</ValidUntilTime><MonitoredVehicleJourney><LineRef>6</LineRef><DirectionRef>inbound</DirectionRef><FramedVehicleJourneyRef><DataFrameRef>2025-09-16</DataFrameRef><DatedVehicleJourneyRef>6028</DatedVehicleJourneyRef></FramedVehicleJourneyRef><PublishedLineName>6</PublishedLineName><OperatorRef>SCEM</OperatorRef><OriginRef>227000010360</OriginRef><OriginName>Sunshine Hall</OriginName><DestinationRef>227000011000</DestinationRef><DestinationName>Bus Station</DestinationName><OriginAimedDepartureTime>2025-09-16T13:02:00+00:00</OriginAimedDepartureTime><Monitored>true</Monitored><VehicleLocation><Longitude>-0.655866</Longitude><Latitude>53.575893</Latitude></VehicleLocation><Bearing>24</Bearing><VehicleRef>SCEM-19579</VehicleRef></MonitoredVehicleJourney><Extensions><VehicleJourney><DriverRef>8517201</DriverRef></VehicleJourney></Extensions></VehicleActivity><VehicleActivity><RecordedAtTime>2025-09-16T13:19:26+00:00</RecordedAtTime><ItemIdentifier>SCBODS:VEHICLESTATUSRT:3358:148630</ItemIdentifier><ValidUntilTime>2025-09-16T13:24:49.046+00:00</ValidUntilTime><MonitoredVehicleJourney><LineRef>3</LineRef><DirectionRef>outbound</DirectionRef><FramedVehicleJourneyRef><DataFrameRef>2025-09-16</DataFrameRef><DatedVehicleJourneyRef>6011</DatedVehicleJourneyRef></FramedVehicleJourneyRef><PublishedLineName>3</PublishedLineName><OperatorRef>SCEM</OperatorRef><OriginRef>227000010735</OriginRef><OriginName>Bus Station</OriginName><DestinationRef>227000011000</DestinationRef><DestinationName>Bus Station</DestinationName><OriginAimedDepartureTime>2025-09-16T13:10:00+00:00</OriginAimedDepartureTime><Monitored>true</Monitored><VehicleLocation><Longitude>-0.65451</Longitude><Latitude>53.579193</Latitude></VehicleLocation><Bearing>186</Bearing><VehicleRef>SCEM-19583</VehicleRef></MonitoredVehicleJourney><Extensions><VehicleJourney><DriverRef>69842</DriverRef></VehicleJourney></Extensions></VehicleActivity><VehicleActivity><RecordedAtTime>2025-09-16T07:53:25+00:00</RecordedAtTime><ItemIdentifier>SCBODS:VEHICLESTATUSRT:3439:148686</ItemIdentifier><ValidUntilTime>2025-09-16T13:24:49.046+00:00</ValidUntilTime><MonitoredVehicleJourney><LineRef>350</LineRef><DirectionRef>outbound</DirectionRef><FramedVehicleJourneyRef><DataFrameRef>2025-09-16</DataFrameRef><DatedVehicleJourneyRef>6005</DatedVehicleJourneyRef></FramedVehicleJourneyRef><PublishedLineName>350</PublishedLineName><OperatorRef>SCEM</OperatorRef><OriginRef>2290YHA01578</OriginRef><OriginName>Interchange</OriginName><DestinationRef>227000010222</DestinationRef><DestinationName>Gallagher Retail Pa</DestinationName><OriginAimedDepartureTime>2025-09-16T06:15:00+00:00</OriginAimedDepartureTime><Monitored>true</Monitored><VehicleLocation><Longitude>-0.638078</Longitude><Latitude>53.589394</Latitude></VehicleLocation><Bearing>72</Bearing><VehicleRef>SCEM-26174</VehicleRef></MonitoredVehicleJourney><Extensions><VehicleJourney><DriverRef>8522918</DriverRef></VehicleJourney></Extensions></VehicleActivity><VehicleActivity><RecordedAtTime>2025-09-15T19:40:30+00:00</RecordedAtTime><ItemIdentifier>SCBODS:VEHICLESTATUSRT:3442:148743</ItemIdentifier><ValidUntilTime>2025-09-16T13:24:49.046+00:00</ValidUntilTime><MonitoredVehicleJourney><LineRef>350</LineRef><DirectionRef>outbound</DirectionRef><FramedVehicleJourneyRef><DataFrameRef>2025-09-15</DataFrameRef><DatedVehicleJourneyRef>6053</DatedVehicleJourneyRef></FramedVehicleJourneyRef><PublishedLineName>350</PublishedLineName><OperatorRef>SCEM</OperatorRef><OriginRef>2290YHA01578</OriginRef><OriginName>Interchange</OriginName><DestinationRef>227000011000</DestinationRef><DestinationName>Bus Station</DestinationName><OriginAimedDepartureTime>2025-09-15T18:30:00+00:00</OriginAimedDepartureTime><Monitored>true</Monitored><VehicleLocation><Longitude>-0.643918</Longitude><Latitude>53.591007</Latitude></VehicleLocation><Bearing>78</Bearing><VehicleRef>SCEM-26177</VehicleRef></MonitoredVehicleJourney><Extensions><VehicleJourney><DriverRef>8514341</DriverRef></VehicleJourney></Extensions></VehicleActivity><VehicleActivity><RecordedAtTime>2025-09-16T13:19:33+00:00</RecordedAtTime><ItemIdentifier>SCBODS:VEHICLESTATUSRT:3443:148711</ItemIdentifier><ValidUntilTime>2025-09-16T13:24:49.046+00:00</ValidUntilTime><MonitoredVehicleJourney><LineRef>350</LineRef><DirectionRef>outbound</DirectionRef><FramedVehicleJourneyRef><DataFrameRef>2025-09-16</DataFrameRef><DatedVehicleJourneyRef>1029</DatedVehicleJourneyRef></FramedVehicleJourneyRef><PublishedLineName>350</PublishedLineName><OperatorRef>SCEM</OperatorRef><OriginRef>2290YHA01578</OriginRef><OriginName>Interchange</OriginName><DestinationRef>227000010222</DestinationRef><DestinationName>Gallagher Retail Pa</DestinationName><OriginAimedDepartureTime>2025-09-16T12:15:00+00:00</OriginAimedDepartureTime><Monitored>true</Monitored><VehicleLocation><Longitude>-0.621093</Longitude><Latitude>53.629547</Latitude></VehicleLocation><Bearing>180</Bearing><VehicleRef>SCEM-26255</VehicleRef></MonitoredVehicleJourney><Extensions><VehicleJourney><DriverRef>47366</DriverRef></VehicleJourney></Extensions></VehicleActivity><VehicleActivity><RecordedAtTime>2025-09-16T13:19:25+00:00</RecordedAtTime><ItemIdentifier>SCBODS:VEHICLESTATUSRT:3469:149208</ItemIdentifier><ValidUntilTime>2025-09-16T13:24:49.046+00:00</ValidUntilTime><MonitoredVehicleJourney><LineRef>8</LineRef><DirectionRef>inbound</DirectionRef><FramedVehicleJourneyRef><DataFrameRef>2025-09-16</DataFrameRef><DatedVehicleJourneyRef>6016</DatedVehicleJourneyRef></FramedVehicleJourneyRef><PublishedLineName>8</PublishedLineName><OperatorRef>SCEM</OperatorRef><OriginRef>227000011079</OriginRef><OriginName>Skippingdale Retail</OriginName><DestinationRef>227000011000</DestinationRef><DestinationName>Bus Station</DestinationName><OriginAimedDepartureTime>2025-09-16T13:17:00+00:00</OriginAimedDepartureTime><Monitored>true</Monitored><VehicleLocation><Longitude>-0.673558</Longitude><Latitude>53.597649</Latitude></VehicleLocation><Bearing>144</Bearing><VehicleRef>SCEM-27189</VehicleRef></MonitoredVehicleJourney><Extensions><VehicleJourney><DriverRef>25600</DriverRef></VehicleJourney></Extensions></VehicleActivity><VehicleActivity><RecordedAtTime>2025-09-16T13:19:41+00:00</RecordedAtTime><ItemIdentifier>SCBODS:VEHICLESTATUSRT:3470:148629</ItemIdentifier><ValidUntilTime>2025-09-16T13:24:49.046+00:00</ValidUntilTime><MonitoredVehicleJourney><LineRef>3</LineRef><DirectionRef>inbound</DirectionRef><FramedVehicleJourneyRef><DataFrameRef>2025-09-16</DataFrameRef><DatedVehicleJourneyRef>6014</DatedVehicleJourneyRef></FramedVehicleJourneyRef><PublishedLineName>3</PublishedLineName><OperatorRef>SCEM</OperatorRef><OriginRef>227000010735</OriginRef><OriginName>Bus Station</OriginName><DestinationRef>227000011000</DestinationRef><DestinationName>Bus Station</DestinationName><OriginAimedDepartureTime>2025-09-16T12:40:00+00:00</OriginAimedDepartureTime><Monitored>true</Monitored><VehicleLocation><Longitude>-0.669063</Longitude><Latitude>53.568672</Latitude></VehicleLocation><Bearing>252</Bearing><VehicleRef>SCEM-27190</VehicleRef></MonitoredVehicleJourney><Extensions><VehicleJourney><DriverRef>87284</DriverRef></VehicleJourney></Extensions></VehicleActivity><VehicleActivity><RecordedAtTime>2025-09-16T13:04:26+00:00</RecordedAtTime><ItemIdentifier>SCBODS:VEHICLESTATUSRT:3481:148280</ItemIdentifier><ValidUntilTime>2025-09-16T13:24:49.046+00:00</ValidUntilTime><MonitoredVehicleJourney><LineRef>103</LineRef><DirectionRef>inbound</DirectionRef><FramedVehicleJourneyRef><DataFrameRef>2025-09-16</DataFrameRef><DatedVehicleJourneyRef>6008</DatedVehicleJourneyRef></FramedVehicleJourneyRef><PublishedLineName>103</PublishedLineName><OperatorRef>SCEM</OperatorRef><OriginRef>227000010955</OriginRef><OriginName>Dunstan Hill</OriginName><DestinationRef>227000011000</DestinationRef><DestinationName>Bus Station</DestinationName><OriginAimedDepartureTime>2025-09-16T12:35:00+00:00</OriginAimedDepartureTime><Monitored>true</Monitored><VehicleLocation><Longitude>-0.644594</Longitude><Latitude>53.590691</Latitude></VehicleLocation><Bearing>132</Bearing><VehicleRef>SCEM-27201</VehicleRef></MonitoredVehicleJourney><Extensions><VehicleJourney><DriverRef>8501328</DriverRef></VehicleJourney></Extensions></VehicleActivity><VehicleActivity><RecordedAtTime>2025-09-16T13:19:37+00:00</RecordedAtTime><ItemIdentifier>SCBODS:VEHICLESTATUSRT:3502:148709</ItemIdentifier><ValidUntilTime>2025-09-16T13:24:49.046+00:00</ValidUntilTime><MonitoredVehicleJourney><LineRef>350</LineRef><DirectionRef>outbound</DirectionRef><FramedVehicleJourneyRef><DataFrameRef>2025-09-16</DataFrameRef><DatedVehicleJourneyRef>6027</DatedVehicleJourneyRef></FramedVehicleJourneyRef><PublishedLineName>350</PublishedLineName><OperatorRef>SCEM</OperatorRef><OriginRef>2290YHA01578</OriginRef><OriginName>Interchange</OriginName><DestinationRef>227000010222</DestinationRef><DestinationName>Gallagher Retail Pa</DestinationName><OriginAimedDepartureTime>2025-09-16T11:45:00+00:00</OriginAimedDepartureTime><Monitored>true</Monitored><VehicleLocation><Longitude>-0.681821</Longitude><Latitude>53.590118</Latitude></VehicleLocation><Bearing>270</Bearing><VehicleRef>SCEM-27761</VehicleRef></MonitoredVehicleJourney><Extensions><VehicleJourney><DriverRef>131415</DriverRef></VehicleJourney></Extensions></VehicleActivity><VehicleActivity><RecordedAtTime>2025-09-16T13:19:35+00:00</RecordedAtTime><ItemIdentifier>SCBODS:VEHICLESTATUSRT:3505:148715</ItemIdentifier><ValidUntilTime>2025-09-16T13:24:49.046+00:00</ValidUntilTime><MonitoredVehicleJourney><LineRef>350</LineRef><DirectionRef>inbound</DirectionRef><FramedVehicleJourneyRef><DataFrameRef>2025-09-16</DataFrameRef><DatedVehicleJourneyRef>6036</DatedVehicleJourneyRef></FramedVehicleJourneyRef><PublishedLineName>350</PublishedLineName><OperatorRef>SCEM</OperatorRef><OriginRef>227000010222</OriginRef><OriginName>Gallagher Retail Pa</OriginName><DestinationRef>2290YHA01578</DestinationRef><DestinationName>Interchange</DestinationName><OriginAimedDepartureTime>2025-09-16T12:55:00+00:00</OriginAimedDepartureTime><Monitored>true</Monitored><VehicleLocation><Longitude>-0.642976</Longitude><Latitude>53.590706</Latitude></VehicleLocation><Bearing>78</Bearing><VehicleRef>SCEM-27764</VehicleRef></MonitoredVehicleJourney><Extensions><VehicleJourney><DriverRef>8518365</DriverRef></VehicleJourney></Extensions></VehicleActivity><VehicleActivity><RecordedAtTime>2025-09-16T13:19:25+00:00</RecordedAtTime><ItemIdentifier>SCBODS:VEHICLESTATUSRT:3508:148476</ItemIdentifier><ValidUntilTime>2025-09-16T13:24:49.046+00:00</ValidUntilTime><MonitoredVehicleJourney><LineRef>2</LineRef><DirectionRef>inbound</DirectionRef><FramedVehicleJourneyRef><DataFrameRef>2025-09-16</DataFrameRef><DatedVehicleJourneyRef>6032</DatedVehicleJourneyRef></FramedVehicleJourneyRef><PublishedLineName>2</PublishedLineName><OperatorRef>SCEM</OperatorRef><OriginRef>227000010730</OriginRef><OriginName>Bus Station</OriginName><DestinationRef>227000011000</DestinationRef><DestinationName>Bus Station</DestinationName><OriginAimedDepartureTime>2025-09-16T13:15:00+00:00</OriginAimedDepartureTime><Monitored>true</Monitored><VehicleLocation><Longitude>-0.653982</Longitude><Latitude>53.589497</Latitude></VehicleLocation><Bearing>180</Bearing><VehicleRef>SCEM-27782</VehicleRef></MonitoredVehicleJourney><Extensions><VehicleJourney><DriverRef>8503771</DriverRef></VehicleJourney></Extensions></VehicleActivity><VehicleActivity><RecordedAtTime>2025-09-16T13:19:26+00:00</RecordedAtTime><ItemIdentifier>SCBODS:VEHICLESTATUSRT:3514:148375</ItemIdentifier><ValidUntilTime>2025-09-16T13:24:49.046+00:00</ValidUntilTime><MonitoredVehicleJourney><LineRef>1</LineRef><DirectionRef>outbound</DirectionRef><FramedVehicleJourneyRef><DataFrameRef>2025-09-16</DataFrameRef><DatedVehicleJourneyRef>6029</DatedVehicleJourneyRef></FramedVehicleJourneyRef><PublishedLineName>1</PublishedLineName><OperatorRef>SCEM</OperatorRef><OriginRef>227000010736</OriginRef><OriginName>Bus Station</OriginName><DestinationRef>227000011000</DestinationRef><DestinationName>Bus Station</DestinationName><OriginAimedDepartureTime>2025-09-16T12:30:00+00:00</OriginAimedDepartureTime><Monitored>true</Monitored><VehicleLocation><Longitude>-0.616208</Longitude><Latitude>53.564911</Latitude></VehicleLocation><Bearing>180</Bearing><VehicleRef>SCEM-27789</VehicleRef></MonitoredVehicleJourney><Extensions><VehicleJourney><DriverRef>8520701</DriverRef></VehicleJourney></Extensions></VehicleActivity><VehicleActivity><RecordedAtTime>2025-09-16T13:19:38+00:00</RecordedAtTime><ItemIdentifier>SCBODS:VEHICLESTATUSRT:3592:148377</ItemIdentifier><ValidUntilTime>2025-09-16T13:24:49.046+00:00</ValidUntilTime><MonitoredVehicleJourney><LineRef>1</LineRef><DirectionRef>outbound</DirectionRef><FramedVehicleJourneyRef><DataFrameRef>2025-09-16</DataFrameRef><DatedVehicleJourneyRef>6031</DatedVehicleJourneyRef></FramedVehicleJourneyRef><PublishedLineName>1</PublishedLineName><OperatorRef>SCEM</OperatorRef><OriginRef>227000010736</OriginRef><OriginName>Bus Station</OriginName><DestinationRef>227000011000</DestinationRef><DestinationName>Bus Station</DestinationName><OriginAimedDepartureTime>2025-09-16T13:00:00+00:00</OriginAimedDepartureTime><Monitored>true</Monitored><VehicleLocation><Longitude>-0.694063</Longitude><Latitude>53.589439</Latitude></VehicleLocation><Bearing>144</Bearing><VehicleRef>SCEM-37193</VehicleRef></MonitoredVehicleJourney><Extensions><VehicleJourney><DriverRef>8512915</DriverRef></VehicleJourney></Extensions></VehicleActivity><VehicleActivity><RecordedAtTime>2025-09-16T13:18:35+00:00</RecordedAtTime><ItemIdentifier>SCBODS:VEHICLESTATUSRT:3593:147837</ItemIdentifier><ValidUntilTime>2025-09-16T13:24:49.046+00:00</ValidUntilTime><MonitoredVehicleJourney><LineRef>NHS</LineRef><DirectionRef>inbound</DirectionRef><FramedVehicleJourneyRef><DataFrameRef>2025-09-16</DataFrameRef><DatedVehicleJourneyRef>6058</DatedVehicleJourneyRef></FramedVehicleJourneyRef><PublishedLineName>NHS</PublishedLineName><OperatorRef>SCEM</OperatorRef><OriginRef>227000010417</OriginRef><OriginName>Hospital</OriginName><DestinationRef>227000099999</DestinationRef><DestinationName>Glanford Park</DestinationName><OriginAimedDepartureTime>2025-09-16T13:10:00+00:00</OriginAimedDepartureTime><Monitored>true</Monitored><VehicleLocation><Longitude>-0.691915</Longitude><Latitude>53.589115</Latitude></VehicleLocation><Bearing>264</Bearing><VehicleRef>SCEM-37194</VehicleRef></MonitoredVehicleJourney><Extensions><VehicleJourney><DriverRef>123410</DriverRef></VehicleJourney></Extensions></VehicleActivity><VehicleActivity><RecordedAtTime>2025-09-16T09:24:00+00:00</RecordedAtTime><ItemIdentifier>SCBODS:VEHICLESTATUSRT:3594:147807</ItemIdentifier><ValidUntilTime>2025-09-16T13:24:49.046+00:00</ValidUntilTime><MonitoredVehicleJourney><LineRef>NHS</LineRef><DirectionRef>outbound</DirectionRef><FramedVehicleJourneyRef><DataFrameRef>2025-09-16</DataFrameRef><DatedVehicleJourneyRef>6037</DatedVehicleJourneyRef></FramedVehicleJourneyRef><PublishedLineName>NHS</PublishedLineName><OperatorRef>SCEM</OperatorRef><OriginRef>227000099999</OriginRef><OriginName>Glanford Park</OriginName><DestinationRef>227000010417</DestinationRef><DestinationName>Hospital</DestinationName><OriginAimedDepartureTime>2025-09-16T09:20:00+00:00</OriginAimedDepartureTime><Monitored>true</Monitored><VehicleLocation><Longitude>-0.666077</Longitude><Latitude>53.586021</Latitude></VehicleLocation><Bearing>90</Bearing><VehicleRef>SCEM-37195</VehicleRef></MonitoredVehicleJourney><Extensions><VehicleJourney><DriverRef>1236</DriverRef></VehicleJourney></Extensions></VehicleActivity><VehicleActivity><RecordedAtTime>2025-09-16T05:26:15+00:00</RecordedAtTime><ItemIdentifier>85668adc-5168-4b0b-be98-5bcbc7b7a8e8</ItemIdentifier><ValidUntilTime>2025-09-16T13:24:49.046+00:00</ValidUntilTime><MonitoredVehicleJourney><LineRef>60</LineRef><DirectionRef>outbound</DirectionRef><FramedVehicleJourneyRef><DataFrameRef>2025-09-16</DataFrameRef><DatedVehicleJourneyRef>1</DatedVehicleJourneyRef></FramedVehicleJourneyRef><PublishedLineName>60</PublishedLineName><OperatorRef>TWET</OperatorRef><OriginRef>227000010732</OriginRef><OriginName>Scunthorpe Bus Station</OriginName><DestinationRef>227000010963</DestinationRef><VehicleLocation><Longitude>-0.654139</Longitude><Latitude>53.589899</Latitude></VehicleLocation><Bearing>357</Bearing><BlockRef>1</BlockRef><VehicleRef>YJ68FVE</VehicleRef></MonitoredVehicleJourney></VehicleActivity></VehicleMonitoringDelivery></ServiceDelivery></Siri>